Michael Goodman,Position,Minutes,Minutes/Game,Points/32,Assists/32,Rebounds/32,Steals/32,turnsover/32,Fouls/32
Name,none,none,none,none,none,none,none,none,none
"Kacen Gantt - Sr
Mount Olive Christian (Athens, LA)","C, F",664,28.9,46.7,0.6,13.4,1.7,3.1,2.2
"Chapman  Faulkner - Sr
East Dayton Christian (Dayton, OH)","F, G",597,28.4,37.1,3.6,12.0,3.2,3.6,2.8
"Jai'lyn Spears - Sr
Bryan (Omaha, NE)","SG, PG",316,15.0,36.3,,11.1,1.6,,
"Danny  De Anda  - Jr
Lighthouse Baptist Academy (Theodore, AL)",G,537,29.8,34.7,,,,,
"Jalen Blackmon - Sr
Marion (IN)","PG, SG",653,31.1,34.5,3.7,3.7,,4.0,
"Alex Steen - Jr
Arnold (Panama City Beach, FL)",SF,495,19.8,34.3,2.3,17.8,2.3,5.2,3.9
"Kelly Niece - Sr
Simon Kenton (Independence, KY)","PG, SG",685,28.5,33.9,2.1,5.4,2.3,1.7,2.3
"Gus Etchison - Sr
Hamilton Heights (Arcadia, IN)","PG, SG",631,28.7,33.1,4.0,5.5,2.2,3.3,2.2
"Luke Brown - Sr
Blackford (Hartford City, IN)",PG,940,31.3,32.3,5.5,4.7,2.1,2.2,1.6
"Lakendric Lyles - Sr
Camp Jewell House Academy (Conyers, GA)",G,645,24.8,31.0,,,,,
"Cole Wireman - Sr
Kouts (IN)",,876,27.4,30.3,3.4,4.6,3.2,2.0,3.5
"Trey Williams - Sr
Laurel Hill (FL)",G,487,23.2,29.3,2.8,6.4,2.2,4.0,
"Will Richard - Sr
Woodward Academy (College Park, GA)","SG, SF",628,26.2,29.3,2.4,10.8,2.5,3.3,1.9
"James  Bodily - Sr
North Gem (Bancroft, ID)","SF, SG",626,24.1,29.2,4.4,8.3,3.4,2.3,3.3
"Dallan ""Deebo"" Coleman - Sr
West Nassau (Callahan, FL)","PG, SG",815,27.2,29.1,4.9,10.6,2.6,2.7,2.6
"Zach Conde
Hawkins (TX)",,319,15.2,29.1,6.8,13.6,3.1,3.8,4.6
"Ke'ontae Barnes - Sr
Orchard View (Muskegon, MI)",PG,520,28.9,29.0,4.1,6.0,5.5,3.0,1.9
"Moroni Seely-Roberts - So
Grand County (Moab, UT)",,725,27.9,29.0,3.8,11.4,,3.0,
"Anthony Arrington - Jr
Galloway (Atlanta, GA)","G, F",567,25.8,28.8,4.3,12.0,3.6,,
"Johnny Nelson - Sr
Rapides (Lecompte, LA)",F,303,15.9,28.5,2.6,11.0,3.7,3.9,4.1
"Kolden Vanlandingham - Sr
Northeastern (Fountain City, IN)",G,613,25.5,28.5,4.5,,4.3,3.6,1.9
"Nick Anthony - So
Raleigh Christian Academy (Raleigh, NC)",PG,536,29.8,27.7,9.4,8.0,3.7,2.1,2.6
"Benjamin Burnham - Sr
Carmel Christian (Matthews, NC)","F, W",709,27.3,27.7,1.9,15.1,1.9,2.4,2.2
"Damon Gripp - Sr
Tyrone (PA)","SG, PG",454,25.2,27.6,3.0,4.9,3.4,,
"Jason Parent - Jr
Prescott (AZ)",,354,20.8,27.5,3.3,14.0,4.8,4.2,2.9
"Rafe Kalberloh - Sr
Lakeland (Deepwater, MO)",,629,26.2,27.3,3.5,6.1,2.3,2.0,2.2
"Chuck Bailey - So
Higley (Gilbert, AZ)",,498,29.3,27.1,3.4,6.7,1.4,3.5,3.1
"Hayden Anderson - Sr
Southeast (Yoder, WY)",G,330,13.8,27.1,6.4,15.9,4.7,8.0,5.6
"Aden Honegger - Jr
Mohave Accelerated (Bullhead City, AZ)",,547,26.0,26.2,3.4,4.4,5.5,3.5,
"Marcus  Shakeer - Sr
Benson (Omaha, NE)",,465,27.4,26.2,2.5,7.6,1.7,3.3,1.7
"Jake Lifgren - Jr
Centennial (Peoria, AZ)",G,516,27.2,25.8,4.0,5.5,3.5,2.8,1.7
"Josh Farmer - Sr
Sharpstown (Houston, TX)",SF,653,27.2,25.6,4.1,10.2,2.4,5.7,2.5
"William Toye - Sr
Turkeyfoot Valley Area (Confluence, PA)",PG,630,31.5,25.6,2.3,7.5,4.5,2.2,1.7
"Luke Stockelman - Sr
St. Mary's (Colorado Springs, CO)","SG, SF",419,24.6,25.5,2.7,8.7,3.5,2.4,1.9
"Toma's Stevens - Sr
Fayetteville Christian (Fayetteville, NC)","PG, G",622,31.1,25.3,4.8,6.6,4.1,2.4,1.8
"Logan Stephens - Sr
Woodward Academy (College Park, GA)","PG, SG",548,24.9,25.2,3.6,5.7,2.5,4.9,2.4
"Sawyer Anderson - Sr
Southeast (Yoder, WY)",F,302,12.6,25.2,2.9,,2.4,3.7,4.8
"Jaz Johnson - Sr
Wolfe County (Campton, KY)",G,722,28.9,25.1,3.2,5.1,2.2,2.6,2.3
"Bryson Chambers - So
Harvest Christian Academy (Bartonville, TX)","PG, SG",516,27.2,25.1,2.7,13.3,3.3,3.1,
"Tyler Hiatt - Sr
Enterprise (UT)","PF, C",435,21.8,25.1,1.5,7.1,1.5,3.0,3.5
"Jaden Slaughter - Sr
St. Joseph's Collegiate Institute (Buffalo, NY)",SG,448,26.4,24.9,5.9,7.4,3.0,3.6,2.1
"Isaiah Swope - Sr
Castle (Newburgh, IN)",PG,488,28.7,24.7,4.4,4.2,,3.5,
"Isaac Stinson - Sr
Merrol Hyde Magnet (Hendersonville, TN)",,681,29.6,24.5,3.4,6.6,3.2,4.8,2.3
"Blake Brown - Sr
Wakefield (NE)",,766,29.5,24.5,5.2,6.2,4.3,3.3,3.0
"Rob Whaley - Sr
Bountiful (UT)",,624,26.0,24.4,3.3,10.2,1.5,5.7,3.4
"Cole Villers - Jr
Blazer (Ashland, KY)","SG, PG",716,29.8,24.4,2.3,5.5,2.1,1.1,2.0
"Christian  Guajardo - Jr
Pace (Brownsville, TX)",PG,601,27.3,24.3,3.8,3.8,,3.9,
"Kade Stewart - Sr
Tabiona (UT)",G,350,20.6,24.3,2.7,9.4,3.6,3.6,4.8
"Lane Sparks - Sr
Greensburg (IN)",G,732,33.3,24.3,4.0,6.2,2.4,2.5,1.8
"Car'tracus Mitchell - Jr
Rapides (Lecompte, LA)",G,380,19.0,23.9,5.0,9.8,6.0,6.0,4.4
Name,none,none,none,none,none,none,none,none,none
"Kacen Gantt - Sr
Mount Olive Christian (Athens, LA)","C, F",664,28.9,46.7,0.6,13.4,1.7,3.1,2.2
"Chapman  Faulkner - Sr
East Dayton Christian (Dayton, OH)","F, G",597,28.4,37.1,3.6,12.0,3.2,3.6,2.8
"Jai'lyn Spears - Sr
Bryan (Omaha, NE)","SG, PG",316,15.0,36.3,,11.1,1.6,,
"Danny  De Anda  - Jr
Lighthouse Baptist Academy (Theodore, AL)",G,537,29.8,34.7,,,,,
"Jalen Blackmon - Sr
Marion (IN)","PG, SG",653,31.1,34.5,3.7,3.7,,4.0,
"Alex Steen - Jr
Arnold (Panama City Beach, FL)",SF,495,19.8,34.3,2.3,17.8,2.3,5.2,3.9
"Kelly Niece - Sr
Simon Kenton (Independence, KY)","PG, SG",685,28.5,33.9,2.1,5.4,2.3,1.7,2.3
"Gus Etchison - Sr
Hamilton Heights (Arcadia, IN)","PG, SG",631,28.7,33.1,4.0,5.5,2.2,3.3,2.2
"Luke Brown - Sr
Blackford (Hartford City, IN)",PG,940,31.3,32.3,5.5,4.7,2.1,2.2,1.6
"Lakendric Lyles - Sr
Camp Jewell House Academy (Conyers, GA)",G,645,24.8,31.0,,,,,
"Cole Wireman - Sr
Kouts (IN)",,876,27.4,30.3,3.4,4.6,3.2,2.0,3.5
"Trey Williams - Sr
Laurel Hill (FL)",G,487,23.2,29.3,2.8,6.4,2.2,4.0,
"Will Richard - Sr
Woodward Academy (College Park, GA)","SG, SF",628,26.2,29.3,2.4,10.8,2.5,3.3,1.9
"James  Bodily - Sr
North Gem (Bancroft, ID)","SF, SG",626,24.1,29.2,4.4,8.3,3.4,2.3,3.3
"Dallan ""Deebo"" Coleman - Sr
West Nassau (Callahan, FL)","PG, SG",815,27.2,29.1,4.9,10.6,2.6,2.7,2.6
"Zach Conde
Hawkins (TX)",,319,15.2,29.1,6.8,13.6,3.1,3.8,4.6
"Ke'ontae Barnes - Sr
Orchard View (Muskegon, MI)",PG,520,28.9,29.0,4.1,6.0,5.5,3.0,1.9
"Moroni Seely-Roberts - So
Grand County (Moab, UT)",,725,27.9,29.0,3.8,11.4,,3.0,
"Anthony Arrington - Jr
Galloway (Atlanta, GA)","G, F",567,25.8,28.8,4.3,12.0,3.6,,
"Johnny Nelson - Sr
Rapides (Lecompte, LA)",F,303,15.9,28.5,2.6,11.0,3.7,3.9,4.1
"Kolden Vanlandingham - Sr
Northeastern (Fountain City, IN)",G,613,25.5,28.5,4.5,,4.3,3.6,1.9
"Nick Anthony - So
Raleigh Christian Academy (Raleigh, NC)",PG,536,29.8,27.7,9.4,8.0,3.7,2.1,2.6
"Benjamin Burnham - Sr
Carmel Christian (Matthews, NC)","F, W",709,27.3,27.7,1.9,15.1,1.9,2.4,2.2
"Damon Gripp - Sr
Tyrone (PA)","SG, PG",454,25.2,27.6,3.0,4.9,3.4,,
"Jason Parent - Jr
Prescott (AZ)",,354,20.8,27.5,3.3,14.0,4.8,4.2,2.9
"Rafe Kalberloh - Sr
Lakeland (Deepwater, MO)",,629,26.2,27.3,3.5,6.1,2.3,2.0,2.2
"Chuck Bailey - So
Higley (Gilbert, AZ)",,498,29.3,27.1,3.4,6.7,1.4,3.5,3.1
"Hayden Anderson - Sr
Southeast (Yoder, WY)",G,330,13.8,27.1,6.4,15.9,4.7,8.0,5.6
"Aden Honegger - Jr
Mohave Accelerated (Bullhead City, AZ)",,547,26.0,26.2,3.4,4.4,5.5,3.5,
"Marcus  Shakeer - Sr
Benson (Omaha, NE)",,465,27.4,26.2,2.5,7.6,1.7,3.3,1.7
"Jake Lifgren - Jr
Centennial (Peoria, AZ)",G,516,27.2,25.8,4.0,5.5,3.5,2.8,1.7
"Josh Farmer - Sr
Sharpstown (Houston, TX)",SF,653,27.2,25.6,4.1,10.2,2.4,5.7,2.5
"William Toye - Sr
Turkeyfoot Valley Area (Confluence, PA)",PG,630,31.5,25.6,2.3,7.5,4.5,2.2,1.7
"Luke Stockelman - Sr
St. Mary's (Colorado Springs, CO)","SG, SF",419,24.6,25.5,2.7,8.7,3.5,2.4,1.9
"Toma's Stevens - Sr
Fayetteville Christian (Fayetteville, NC)","PG, G",622,31.1,25.3,4.8,6.6,4.1,2.4,1.8
"Logan Stephens - Sr
Woodward Academy (College Park, GA)","PG, SG",548,24.9,25.2,3.6,5.7,2.5,4.9,2.4
"Sawyer Anderson - Sr
Southeast (Yoder, WY)",F,302,12.6,25.2,2.9,,2.4,3.7,4.8
"Jaz Johnson - Sr
Wolfe County (Campton, KY)",G,722,28.9,25.1,3.2,5.1,2.2,2.6,2.3
"Bryson Chambers - So
Harvest Christian Academy (Bartonville, TX)","PG, SG",516,27.2,25.1,2.7,13.3,3.3,3.1,
"Tyler Hiatt - Sr
Enterprise (UT)","PF, C",435,21.8,25.1,1.5,7.1,1.5,3.0,3.5
"Jaden Slaughter - Sr
St. Joseph's Collegiate Institute (Buffalo, NY)",SG,448,26.4,24.9,5.9,7.4,3.0,3.6,2.1
"Isaiah Swope - Sr
Castle (Newburgh, IN)",PG,488,28.7,24.7,4.4,4.2,,3.5,
"Isaac Stinson - Sr
Merrol Hyde Magnet (Hendersonville, TN)",,681,29.6,24.5,3.4,6.6,3.2,4.8,2.3
"Blake Brown - Sr
Wakefield (NE)",,766,29.5,24.5,5.2,6.2,4.3,3.3,3.0
"Rob Whaley - Sr
Bountiful (UT)",,624,26.0,24.4,3.3,10.2,1.5,5.7,3.4
"Cole Villers - Jr
Blazer (Ashland, KY)","SG, PG",716,29.8,24.4,2.3,5.5,2.1,1.1,2.0
"Christian  Guajardo - Jr
Pace (Brownsville, TX)",PG,601,27.3,24.3,3.8,3.8,,3.9,
"Kade Stewart - Sr
Tabiona (UT)",G,350,20.6,24.3,2.7,9.4,3.6,3.6,4.8
"Lane Sparks - Sr
Greensburg (IN)",G,732,33.3,24.3,4.0,6.2,2.4,2.5,1.8
"Car'tracus Mitchell - Jr
Rapides (Lecompte, LA)",G,380,19.0,23.9,5.0,9.8,6.0,6.0,4.4
Name,none,none,none,none,none,none,none,none,none
"Michael Goodman
Perrin-Whitt (Perrin, TX)","PG, SG",562,25.5,23.9,8.5,5.4,7.2,5.2,2.8
"Sam Howery - Jr
St. Mary's (Colorado Springs, CO)",PG,490,28.8,23.7,11.3,8.8,5.0,3.9,2.4
"Grant Luikens - Jr
Potter County co-op [Gettysburg/Hoven] (Gettysburg, SD)","G, F",616,26.8,23.7,3.0,8.5,3.2,3.9,2.9
"Isaiah Garcia - Sr
Penelope (TX)",G,722,31.4,23.6,1.4,6.3,2.8,4.1,1.6
"Mason Moore - Sr
Rowan County (Morehead, KY)","G, SG",507,26.7,23.6,7.3,11.2,3.5,3.1,1.6
"Kobe Ward - Sr
Danville (IN)",F,546,27.3,23.4,2.5,12.4,2.9,2.0,2.2
"Matteo Urdih - Jr
Rankin (TX)","PF, C",349,19.4,23.4,0.1,18.3,1.9,4.6,4.9
"Jayson Petty - Jr
Centennial (Peoria, AZ)","F, G",504,26.5,23.3,1.5,8.8,2.9,2.9,2.3
"Carson Brown - So
Van Alstyne (TX)",,715,25.5,23.1,3.9,9.7,3.1,5.5,3.7
"Tucker Wolfe - Sr
Archie (MO)",G,681,27.2,23.1,4.6,8.3,,,
"Trey Miner
Elm Creek (NE)",,590,26.8,23.0,3.2,,3.1,2.2,2.9
"Jadon Riley - Jr
Faith Christian (Lafayette, IN)",SG,315,13.7,23.0,2.5,9.3,1.8,3.3,0.2
"Mason Brooks - Sr
North Putnam (Roachdale, IN)","SF, PF",735,29.4,22.9,3.3,10.7,1.1,1.9,2.9
"Joey Donofrio - Sr
Heartland Christian (Columbiana, OH)","SF, PF",536,24.4,22.6,2.1,7.8,2.7,2.7,3.1
"Karson Jenkins - Jr
Fort Wayne Snider (Fort Wayne, IN)",G,709,29.5,22.6,3.8,3.7,2.2,2.8,1.7
"Trevor Kasischke - Sr
Wahoo (NE)","SG, PG",644,26.8,22.5,,5.4,,,
"Luke Guyette - Sr
Huntsville (AL)",G,709,24.4,22.4,2.0,5.0,1.8,2.8,2.8
"Milap Owens - Sr
Prescott (AZ)",PG,366,21.5,22.4,5.8,6.1,2.0,4.8,2.9
"Immanuel Mitchell - Sr
Faith Christian (Lafayette, IN)","SF, SG",335,14.6,22.4,2.0,11.5,1.8,4.2,0.5
"Ramelle Arnold - Sr
Warrensville Heights (Warrensville, OH)","PG, SG",484,25.5,22.3,5.8,,2.3,4.5,2.5
"Gracin Gerber - Jr
Jellico (TN)",G,793,27.3,22.3,,,,,
"Jj Boling - Jr
Van Alstyne (TX)","PG, SG",849,29.3,22.3,5.1,8.1,2.5,4.0,2.1
"Jackson Garner - Jr
Clinton (TN)",,687,31.2,22.3,,3.5,,2.4,
"Billy Boone - Sr
Valley Christian (Missoula, MT)",SF,512,24.4,22.2,4.4,12.6,2.9,5.6,4.1
"Jalen Overway - Jr
Holland Christian (Holland, MI)",C,501,26.4,22.2,2.1,9.2,0.3,3.6,2.4
"Oscar Lynch - Jr
Pinecrest Academy (Cumming, GA)","SG, PG",541,30.1,22.1,2.4,10.8,3.3,4.2,3.4
"Jack Wistrcill - Jr
Olympus (Salt Lake City, UT)",,688,28.7,22.0,3.4,7.7,1.1,1.2,1.9
"Kyle Belgrave - Sr
Eustis (FL)","F, SF",528,25.1,22.0,0.7,5.5,1.3,1.2,2.2
"Gabe Escobedo - Jr
Miami (AZ)","F, G",530,31.2,22.0,3.5,5.9,3.6,4.3,2.5
"Kalob Aguero - Jr
Rankin (TX)",SG,401,20.1,21.9,1.4,6.4,3.1,3.6,3.0
"Mason Accidentale - Jr
Plano (IL)",SG,481,28.3,21.9,2.1,3.3,1.7,2.9,2.5
"Nico Johnson - Jr
Britton Deerfield (Britton, MI)",PG,518,30.5,21.8,2.5,7.3,2.7,3.2,1.4
"Daniel Brocaille - Jr
Papillion-LaVista South (Papillion, NE)","SG, SF",647,25.9,21.8,3.9,6.2,2.1,4.1,3.6
"Greg Bowden - Sr
Wilmington Christian Academy (Wilmington, NC)",,442,26.0,21.7,2.5,13.9,0.8,3.6,2.0
"Kason Jacquez - Sr
St. David (AZ)",F,537,25.6,21.7,2.9,14.0,2.1,3.5,2.8
"Annario Ware - Sr
Malone (FL)","G, F",543,25.9,21.7,5.0,11.2,3.1,3.9,2.2
"Zach Argyle - Sr
Spanish Fork (UT)","G, F",529,27.8,21.5,3.3,3.9,1.5,4.8,2.7
"Caden Gann - Sr
Grundy County (Galt, MO)","G, F",726,27.9,21.5,3.4,5.6,2.7,4.2,2.8
"Rj Jones - So
Braswell (Little Elm, TX)","SG, G",821,28.3,21.4,2.2,5.4,1.7,2.9,1.6
"Connor Saunders - Sr
Syracuse (UT)","SG, SF",742,30.9,21.4,2.2,6.8,1.1,2.3,
"Garrett Anderson - Sr
O'Connor (Phoenix, AZ)","SF, SG",464,25.8,21.3,1.9,9.7,,4.7,
"Dawson Bullock - Sr
Sebeka (MN)",G,640,32.0,21.3,2.3,10.3,2.6,3.0,2.0
"Dale Mcbride - Sr
Meeteetse (WY)","SG, SF",456,26.8,21.3,1.1,8.3,1.1,3.4,2.5
"Colin Hardrick - Jr
Wauwatosa West (Wauwatosa, WI)",G,846,33.8,21.2,1.6,5.3,1.6,1.7,2.1
"Miles Mcgowen - Sr
Mooresville (IN)",SF,664,28.9,21.2,2.5,10.1,1.4,2.8,2.6
"Jemel Facey - Sr
St. John Lutheran (Ocala, FL)","PG, SG",468,27.5,21.1,3.4,17.8,4.1,3.9,2.7
"Ty Morrison - Jr
Deer River (MN)",PG,703,30.6,21.1,6.1,8.7,,3.7,
"JJ Hayes - Jr
Hilton Head Prep (Hilton Head Island, SC)",SF,601,28.6,21.0,3.0,12.1,,,2.3
"Tray Swygeart - Jr
Collinsville (IL)",G,367,21.6,20.9,1.6,10.3,2.3,5.1,3.3
"Marque Wilkerson - Sr
West (Topeka, KS)",PG,628,26.2,20.9,4.3,6.6,2.7,3.5,3.3
Name,none,none,none,none,none,none,none,none,none
"Shay Cain - Sr
Desert Edge (Goodyear, AZ)","F, W",474,26.3,20.9,6.2,13.0,2.5,4.6,3.5
"Mikhail Wakonabo - Jr
Deer River (MN)","PG, SG",560,28.0,20.9,,9.0,,,
"Garrett Strange - Jr
Lakeland (Deepwater, MO)",,450,19.6,20.8,2.1,14.2,2.8,2.4,4.3
"Blake Brumbaugh - So
Milton-Union (West Milton, OH)",,608,29.0,20.7,3.5,6.2,2.5,2.9,2.6
"Nick Mikash - Jr
Kankakee Valley (Wheatfield, IN)",,457,21.8,20.7,1.1,11.8,2.0,2.9,3.7
"Zach Clark - Jr
Cair Paravel (Topeka, KS)","SG, SF",454,25.2,20.7,,8.6,,4.7,
"Peyton Bledsoe - So
Loogootee (IN)",SG,625,26.0,20.6,2.5,5.6,1.5,2.1,1.7
"Blessing Nwotite - Jr
Paradise Honors (Surprise, AZ)",G,483,21.0,20.6,2.3,8.1,2.7,3.2,2.7
"Blake  Nicholson - Sr
Turkeyfoot Valley Area (Confluence, PA)",F,616,30.8,20.6,1.1,6.7,2.1,1.8,3.1
"Noah Johnston - Sr
Twin Lakes (Monticello, IN)",F,640,24.6,20.5,,7.3,,,
"Trey Flatt - Sr
Covenant Christian (Indianapolis, IN)","PG, SG",701,26.0,20.5,5.3,5.2,,,
"Logan  Turner - Sr
Centennial (Roswell, GA)",SG,596,23.8,20.5,2.2,4.1,1.5,,
"Corbin Pack - Sr
Carolina Forest (Myrtle Beach, SC)","SG, SF",485,23.1,20.5,2.8,3.5,2.5,1.6,1.5
"Colbie Morgan - Sr
Higley (Gilbert, AZ)","PG, SG",382,22.5,20.4,1.8,4.0,2.1,2.2,2.7
"Julius Brown - Sr
Grovetown (GA)",G,613,27.9,20.4,5.9,3.9,3.1,4.3,2.7
"Max Rolnick - Jr
Andrews Osborne Academy (Willoughby, OH)","PG, SG",494,27.4,20.3,2.1,3.6,1.7,2.5,1.2
"Banks Atkins - Sr
Chapman (Inman, SC)","SG, PG",601,30.1,20.3,5.1,3.9,2.1,3.2,1.4
"Sam Bradford - Jr
Goose Creek Memorial (Baytown, TX)",G,805,28.8,20.2,4.1,12.5,3.3,5.0,2.7
"Benny Villarreal - Jr
Pace (Brownsville, TX)",C,427,19.4,20.2,,,,,3.4
"Raedhyn Foust - Jr
Northeastern (Fountain City, IN)",C,483,20.1,20.1,1.1,,1.7,2.8,3.0
"Lucas Ortiz - Sr
Ransom Everglades (Miami, FL)",G,512,26.9,20.1,1.6,6.7,3.4,2.3,
"Jaden Hameed - Sr
Warrensville Heights (Warrensville, OH)",G,511,26.9,20.1,4.3,,2.5,3.9,1.8
"Tanner Peery - Sr
Miami (AZ)",G,534,31.4,20.1,3.7,3.0,2.5,2.8,1.7
"Garrett Hayden - Jr
Carlisle County (Bardwell, KY)",,753,29.0,20.1,3.4,5.4,1.6,3.1,2.3
"Christian Mickelson - Sr
Norfolk Catholic (Norfolk, NE)","SG, SF",565,28.3,20.1,4.9,4.0,1.5,3.3,2.3
"CJ Wiggins - Sr
Gila Ridge (Yuma, AZ)",G,487,25.6,20.0,3.4,7.8,2.8,2.7,1.3
"Corbin Axtell - Fr
Grundy County (Galt, MO)","G, F",722,27.8,19.9,4.1,,2.4,3.5,2.7
"Jamison Dunham - Jr
Pendleton Heights (Pendleton, IN)",,687,29.9,19.9,,,,,
"DYLAN WOLLE - Jr
Sequoyah (Canton, GA)",SG,862,29.7,19.9,2.1,4.8,0.9,2.7,2.0
"Joseph Bobilya - Sr
Guerin Catholic (Noblesville, IN)",G,660,27.5,19.8,3.0,2.6,1.2,1.7,1.4
"Terrell Powell - Sr
Ola (McDonough, GA)",,454,18.2,19.8,6.2,8.2,3.6,8.0,5.9
"Bryce Cash - So
Charlotte Christian (Charlotte, NC)","PG, SG",527,25.1,19.8,4.6,7.3,3.0,3.6,3.1
"Devon Barnes - Sr
Shiloh (Snellville, GA)","PG, SG",519,26.0,19.8,4.3,4.2,3.0,2.5,1.8
"Tyler Thomas
St. Thomas Episcopal (Houston, TX)",PG,427,25.1,19.8,,,,,4.0
"James Strickland - Sr
Wiregrass (Dothan, AL)",G,576,19.2,19.8,,6.7,,,
"Josh Neal - Jr
Mohave Accelerated (Bullhead City, AZ)",,555,26.4,19.8,3.3,16.5,2.1,2.5,
"Noah Hastert - Jr
Cair Paravel (Topeka, KS)","PF, C",466,25.9,19.7,,12.1,,5.0,4.0
"Scotty Zoscin - Sr
Weatherly (PA)","G, F",720,31.3,19.6,2.8,5.8,1.4,3.2,2.1
"Ny'keem Gainer - Jr
Marianna (FL)","SG, PG",766,28.4,19.6,3.8,,,4.5,
"Jade Moore - Sr
Fort Wayne Snider (Fort Wayne, IN)",G,609,25.4,19.5,2.3,5.6,3.0,2.5,2.9
"Jeremiah Wilkinson - Fr
Campbell (Smyrna, GA)","PG, SG",397,23.4,19.5,3.2,5.2,2.1,3.8,2.7
"Jordan King - Sr
Jellico (TN)",G,826,28.5,19.4,,,,,
"Isaac Little - Sr
Unioto (Chillicothe, OH)",G,591,25.7,19.4,2.6,4.1,2.5,,
"Jonah Nesmith - Jr
Carolina Forest (Myrtle Beach, SC)","SF, PF",326,15.5,19.4,1.9,7.0,2.2,4.3,3.6
"Matthew Bennett - Jr
Union City (PA)","G, F",660,30.0,19.4,3.0,8.0,,,
"Elijah Coleman - Fr
Portal (GA)","PG, SG",828,29.6,19.4,5.4,4.4,4.5,4.6,1.6
"Lyman Simmons - So
Snow Canyon (St. George, UT)",C,695,29.0,19.3,1.8,10.0,0.6,2.4,2.5
"Jaden Huygens - So
Cornerstone Charter Academy (Belle Isle, FL)",G,543,27.2,19.3,3.1,6.7,2.8,2.1,2.1
"Wade  Maxwell - Jr
Clay County Christian Academy (Ashland, AL)","G, SG",507,28.2,19.3,,6.2,,2.5,2.2
"Cade Tyson - Jr
Carmel Christian (Matthews, NC)","G, W",696,26.8,19.3,1.7,5.7,1.3,2.2,3.0
Name,none,none,none,none,none,none,none,none,none
"Dallin Grant - Sr
Cedar (Cedar City, UT)","SF, PF",595,27.0,19.3,,,,2.9,
"Chino Salas-zorrilla - Jr
Camp Verde (AZ)","PG, SG",682,35.9,19.3,3.1,3.7,2.8,3.1,1.9
"Jourdain Dishmond - Sr
Holy Savior Menard (Alexandria, LA)","C, PF",786,26.2,19.3,1.8,13.2,1.0,3.7,3.7
"Jordan Wildman - Sr
Loogootee (IN)",SG,560,23.3,19.3,3.7,6.1,2.6,2.6,3.5
"Zach Hubartt - Jr
Huntington North (Huntington, IN)",G,473,27.8,19.2,,6.2,,3.2,3.3
"Eric Gaines - Sr
Camden County (Kingsland, GA)","G, W",585,30.8,19.2,1.3,3.3,1.3,5.6,
"Dakota  Capps - Jr
Clarksville (IN)",PG,656,29.8,19.2,5.0,4.9,2.7,3.8,2.3
"Bradley Davis - Sr
Shepherd (TX)","C, PF",763,28.3,19.2,1.0,12.6,0.9,3.6,3.1
"Graham Cassoutt - Sr
Papillion-LaVista South (Papillion, NE)",PF,526,21.0,19.2,2.1,7.7,0.9,3.5,3.6
"Clayton Tomlinson - Sr
Northfield (Wabash, IN)","SG, PG",658,28.6,19.2,,5.3,3.6,,
"Logan Corta - Sr
North Gem (Bancroft, ID)","SG, PG",598,23.0,19.2,4.2,7.2,3.2,3.4,2.7
"Grant Wilson - Jr
HomeSchool Resource Center (Monee, IL)",G,1055,21.1,19.1,1.5,,3.0,3.2,3.8
"Jordan Daley - Sr
Ola (McDonough, GA)","PG, G",525,20.2,19.1,2.9,8.2,2.4,4.3,3.2
"John-Michael Martin - Fr
Dayspring Academy (Greenbrier, TN)","PG, SG",622,31.1,19.1,7.8,6.3,2.7,2.7,2.2
"Zaveion Okoh - Sr
Mt. Pleasant (TX)","PG, SG",758,27.1,19.1,2.2,3.6,3.0,3.5,2.6
"Quinton Jones - Sr
North Summit (Coalville, UT)",,591,26.9,19.1,,12.4,,,
"Blake Elder - Sr
Carlisle County (Bardwell, KY)",SF,566,27.0,19.1,2.1,6.7,0.8,2.5,2.8
"Levi Williams - Sr
Keys (Park Hill, OK)",PF,442,24.6,19.0,2.5,9.8,1.1,1.4,1.7
"Diandre Marshall - Sr
Whiting (IN)",SG,511,26.9,19.0,3.1,7.3,1.4,7.3,0.0
"Dakota Argyle - Jr
Fremont (Plain City, UT)",,501,22.8,19.0,,4.2,,4.0,
"Landon O?Neal - Jr
Eastern Hancock (Charlottesville, IN)",G,665,26.6,19.0,1.6,4.8,0.7,1.4,1.6
"Jack Childress - Sr
Coastal HomeSchool (Pembroke, GA)","C, PF",568,27.0,19.0,2.4,13.2,0.9,4.8,2.6
"Jaxon Wolf - Sr
Ola (McDonough, GA)",,477,19.1,19.0,1.5,3.4,0.7,4.8,2.8
"Brett Sickafoose - Sr
Whitko (South Whitley, IN)",PG,723,30.1,18.9,,7.0,,,
"John Davis iii - Jr
Pascagoula (MS)","PG, SG",600,30.0,18.9,,,2.9,4.5,
"Elijah Brooks - Jr
West (Topeka, KS)",SF,523,26.2,18.8,3.2,9.2,1.8,2.7,2.3
"Chris Henthorn - Jr
HomeSchool Resource Center (Monee, IL)",PG,1184,23.7,18.8,5.5,5.2,2.2,3.6,1.9
"Hudson Boyd - Sr
Lake Creek (Montgomery, TX)",SF,745,28.7,18.8,2.7,5.9,1.5,3.1,
"Oakley Rosno - Jr
Silver Lake (Roseland, NE)","PG, SG",638,29.0,18.8,4.9,5.9,3.1,1.9,3.1
"Jamison Kay - Sr
Gila Ridge (Yuma, AZ)",G,494,24.7,18.7,4.1,6.7,1.9,3.5,3.0
"Kaleb Edwards - Sr
Guerin Catholic (Noblesville, IN)",G,657,26.3,18.7,3.2,6.3,2.0,3.0,3.3
"Karter Legnon - Sr
Mingo Valley Christian (Tulsa, OK)","SG, G",681,29.6,18.7,2.3,5.3,2.7,3.0,1.2
"Treyton Schoch - Jr
South Adams (Berne, IN)",,660,28.7,18.7,4.7,3.7,,,
"Jay Jay Tunstull - Sr
Orchard View (Muskegon, MI)","SF, PF",493,27.4,18.6,2.1,4.5,2.4,1.2,1.6
"Ahmad Johnson - Sr
Marianna (FL)","PG, SG",748,27.7,18.6,,4.6,3.3,,
"Kaleb Wilson - Jr
Malone (FL)","SG, F",628,25.1,18.6,4.1,7.1,2.7,2.5,3.0
"Connor Ford - So
Perrin-Whitt (Perrin, TX)",F,396,23.3,18.6,3.5,15.1,3.8,2.3,4.2
"Riley Reimer - Jr
Valley Christian (Missoula, MT)",F,548,24.9,18.6,1.4,8.2,2.3,2.1,1.6
"Jake Yeary - Jr
White Academy (Harrogate, TN)",,574,30.2,18.6,,,,,
"Joey Glidewell - Sr
Hanover Central (Cedar Lake, IN)","PG, SG",631,27.4,18.6,4.8,4.6,3.2,3.6,2.1
"Devyn Franklin - Jr
North Forney (Forney, TX)",PF,629,24.2,18.5,1.6,12.9,2.2,3.4,3.8
"McCaden Adams - Jr
Pleasant Grove (UT)",,579,27.6,18.5,2.0,4.5,1.8,2.4,2.9
"Treyton Tebbs - Sr
Cedar (Cedar City, UT)","SG, PG",621,28.2,18.4,,,,3.2,2.9
"Jase Branch - Sr
Nazarene Christian Academy (Crowley, TX)","SG, PG",563,29.6,18.4,,9.9,,2.3,
"Tyishawn Smiley - Sr
Warrensville Heights (Warrensville, OH)",F,346,20.4,18.4,1.8,11.1,1.8,2.6,5.5
"Brock Luechtefeld - Sr
The Woodlands (TX)",C,732,25.2,18.4,1.3,11.8,0.7,2.7,2.5
"Trevion Alexander - Sr
West (Topeka, KS)",PF,694,28.9,18.4,4.7,6.0,2.5,2.5,2.9
"Jordan Stevenson - Sr
Eustis (FL)",G,381,21.2,18.3,0.9,3.9,0.9,2.6,3.0
"Silas Bauer - Sr
Loogootee (IN)","C, PF",592,24.7,18.3,1.9,8.9,1.6,2.2,2.0
"Eyan Becker - Jr
Valley Christian (Missoula, MT)",G,511,23.2,18.2,4.7,5.3,2.9,4.3,2.6
Name,none,none,none,none,none,none,none,none,none
"Jonathan Delgado - Sr
Ballinger (TX)","SF, SG",543,30.2,18.2,2.8,6.0,6.8,2.1,2.1
"Carter Kling - Sr
Pinecrest Academy (Cumming, GA)",G,531,29.5,18.2,1.8,3.0,1.3,2.6,2.2
"Andrew Trooien - Jr
Deubrook (White, SD)","SG, SF",313,18.4,18.2,1.4,13.1,3.2,3.9,3.6
"Landon Austin - Sr
Neosho (MO)",,709,27.3,18.2,3.8,6.1,1.9,3.8,3.1
"Cale Wireman - Sr
Kouts (IN)",,945,29.5,18.2,3.8,4.0,3.2,2.4,3.2
"Anthony Ovalle - Jr
Colonial Christian (Homestead, FL)",PG,424,24.9,18.1,4.0,8.1,,6.6,3.1
"Ryan Conwell - Jr
Pike (Indianapolis, IN)",SG,668,29.0,18.1,2.9,4.7,1.9,2.1,2.7
"Chance Lazenby - Fr
Tabiona (UT)",F,398,20.9,18.1,1.7,6.6,1.2,2.3,2.5
"Jonathan Bertovich - Jr
Heartland Christian (Columbiana, OH)","PG, SG",660,30.0,18.0,6.7,5.2,3.2,2.8,1.2
"Cody Wright - Jr
Celina (TX)","SG, SF",800,28.6,18.0,2.4,9.2,1.2,3.2,2.8
"Ransom Cooper - Jr
North Gem (Bancroft, ID)","C, PF",338,13.0,18.0,1.3,11.1,1.4,2.0,4.5
"Aaron Pickel - Jr
North Putnam (Roachdale, IN)","G, F",662,26.5,18.0,1.7,7.4,0.7,2.7,3.9
"Hudson Sandifer - Sr
St. Joseph Catholic (Madison, MS)",SG,640,27.8,18.0,2.3,5.9,3.1,2.4,
"Trey Steinhilber - Jr
Boone Grove (Valparaiso, IN)",PG,776,31.0,17.9,3.7,2.5,1.7,3.1,0.0
"Parker Stone - Sr
Perry-Lecompton (Perry, KS)","PG, SG",623,29.7,17.9,1.7,5.8,1.0,2.8,2.0
"Colin Porter - So
Blazer (Ashland, KY)",PG,685,29.8,17.9,7.4,4.3,2.1,2.7,2.5
"Jahni Summers - Jr
Evansville Harrison (Evansville, IN)",,601,31.6,17.9,2.5,5.4,1.7,3.1,2.3
"Logan Mahin - Jr
La Monte (MO)",,636,30.3,17.9,2.8,9.8,2.3,4.3,3.3
"Javaris Bundred - Sr
Sharpstown (Houston, TX)",PF,588,25.6,17.9,1.5,11.3,2.4,3.8,3.6
"Brisyn Markovich - Sr
Stratford (OK)",F,657,26.3,17.8,,8.2,,,3.5
"Jayden Curtis-sayers - Sr
Omaha Northwest (Omaha, NE)","SG, SF",616,28.0,17.8,0.4,7.3,1.4,2.2,2.6
"Jael  Rodriguez  - Sr
Gateway Charter (Fort Myers, FL)",,654,24.2,17.8,2.8,8.6,1.1,3.5,3.0
"Reo Larson - Sr
St. David (AZ)",G,488,23.2,17.8,3.0,8.3,3.0,4.3,2.8
"Marshall Barker - Sr
Greater Cabarrus Stallions (Concord, NC)","SF, SG",735,26.3,17.8,2.4,8.4,2.2,2.9,4.0
"Damon Shaw - Sr
Rossville (IN)",SG,750,28.8,17.7,2.0,9.3,1.8,2.7,2.1
"Isaac Martin - So
King's Ridge Christian (Alpharetta, GA)",,760,30.4,17.7,5.3,4.3,1.1,4.3,2.0
"Troy Brumels - Sr
Elm Creek (NE)",,495,24.8,17.7,2.8,6.4,1.9,2.4,3.4
"David Clark - Fr
Campbell (Smyrna, GA)","SF, SG",499,25.0,17.7,1.6,8.0,0.6,2.4,2.4
"Micah Hoover - So
King's Ridge Christian (Alpharetta, GA)",SG,630,26.3,17.7,1.1,11.6,1.9,3.9,3.1
"Zab Santana - Jr
Cedar (Cedar City, UT)","SG, SF",518,27.3,17.7,,5.4,,,2.3
"Trace  Mears - Jr
Altha (FL)",SG,821,31.6,17.7,,,,,
"Marshall O'hern - So
Sebring (FL)","G, W",564,26.9,17.6,,6.4,,,
"Trey Richert - So
Nebraska Lutheran (Waco, NE)","PG, SG",499,26.3,17.6,1.9,3.1,3.0,1.0,0.6
"Jacob Miller - So
Covenant Christian (DeMotte, IN)",F,708,29.5,17.6,,8.2,,3.6,
"Kiemar Richardson - Sr
DeSoto County (Arcadia, FL)",C,565,26.9,17.6,,12.7,,,
"Camden Johnson - Sr
Metrolina Christian Academy (Indian Trail, NC)","PG, SG",662,25.5,17.6,4.1,8.3,2.9,2.5,3.1
"Josh Haskell - Jr
St. Joseph's Collegiate Institute (Buffalo, NY)",SF,424,24.9,17.6,2.6,6.0,1.7,1.6,2.5
"Lucas Leslie - So
Mohave Accelerated (Bullhead City, AZ)",,495,26.1,17.6,4.1,5.9,1.2,3.7,
"Brady Ruggles - Jr
Danville (IN)",F,490,24.5,17.6,1.6,5.2,0.7,1.4,2.7
"Caleb Wilson - Sr
St. Joseph Catholic (Madison, MS)","PG, SG",625,27.2,17.6,5.2,7.1,3.8,2.6,
"Bol Kuir - Jr
Belfry (KY)",C,655,25.2,17.5,,17.0,,,
"Kayden Ahlemeier - Sr
Potter County co-op [Gettysburg/Hoven] (Gettysburg, SD)","F, C",447,19.4,17.5,1.0,8.0,2.1,3.2,4.6
"Treyson Pace - Jr
North Summit (Coalville, UT)","SG, SF",648,29.5,17.5,,7.8,,,
"James Arnold - Sr
South Adams (Berne, IN)",,605,30.3,17.5,4.3,8.2,,,
"Clayton Bridwell - Jr
Twin Lakes (Monticello, IN)",G,681,26.2,17.4,4.4,,,,
"Tanner Ham - Sr
Columbia Academy (Columbia, TN)","PG, SG",729,27.0,17.4,1.6,3.2,1.7,,
"Kane Eanes - So
Hilton Head Prep (Hilton Head Island, SC)",SG,550,26.2,17.4,2.7,7.7,,,
"Sal Dean - So
Belfry (KY)","PG, SG",794,29.4,17.4,7.1,5.2,,4.0,
"beck Willems - Jr
Bethany Christian (Goshen, IN)",G,584,26.5,17.4,4.3,10.0,,,
"Ben Smith - Fr
Ignite HomeSchool (Hurricane, WV)",SF,441,18.4,17.3,,7.0,,,
Name,none,none,none,none,none,none,none,none,none
"Mason Strong - Jr
Omaha North (Omaha, NE)",G,519,24.7,17.3,2.0,3.9,2.9,1.7,2.2
"Ryan Cheleen - Sr
South Platte (Big Springs, NE)","P, G",617,28.0,17.3,1.7,13.6,1.9,3.4,3.3
"Nate Helwig - Sr
Nebraska Lutheran (Waco, NE)","PG, SG",501,25.1,17.3,5.2,10.2,4.0,4.2,3.7
"Aidan Lambert - Jr
Fort Wayne Snider (Fort Wayne, IN)",G,646,26.9,17.3,3.2,5.8,1.8,2.5,1.9
"Ben Monnig - Jr
Augusta Prep Day (Augusta, GA)","PG, SG",602,27.4,17.3,4.3,8.8,4.0,3.6,
"Cole Kramer - So
Sandhills Valley (Stapleton, NE)",SF,667,29.0,17.3,1.7,12.6,2.4,2.7,2.0
"Wyatt Bell - Sr
Paradise Honors (Surprise, AZ)","PG, SG",475,21.6,17.2,3.2,3.3,2.1,3.6,2.5
"Connor Smith - Jr
Houma Christian (Houma, LA)",,644,29.3,17.2,,,,,
"Leyton Czarnecki - Sr
LaVille (Lakeville, IN)",G,687,29.9,17.2,,,,,2.5
"Kain Leisure - Jr
Jayhawk Linn (Mound City, KS)",,507,28.2,17.2,1.3,3.8,1.8,3.3,
"Cade  Daugherty - Sr
South Fort Myers (Fort Myers, FL)","PG, SG",818,31.5,17.2,3.0,2.4,1.4,2.2,1.3
"Jalen Scott - Sr
Paradise Honors (Surprise, AZ)",PG,525,22.8,17.2,9.3,9.1,3.7,4.1,2.9
"Joell Green - Sr
Graceville (FL)",PG,533,23.2,17.2,4.8,10.0,4.6,3.9,1.9
"Denim Johnson - Sr
Omaha Central (Omaha, NE)",SF,735,28.3,17.2,2.9,7.6,2.3,2.9,2.6
"Josiah McCall - Jr
Arnold (Panama City Beach, FL)","G, PF",444,18.5,17.2,5.3,5.0,2.8,6.1,5.3
"Trey Washington - Sr
Chapel Hill (Mount Pleasant, TX)","PG, SG",691,26.6,17.1,7.4,7.9,2.0,3.5,2.4
"Zakelveon Gadison - Fr
Rapides (Lecompte, LA)","F, G",305,15.3,17.1,4.1,7.7,4.0,3.8,3.3
"Nazir Gilchrist - Jr
DeSoto County (Arcadia, FL)",SG,485,26.9,17.1,,4.4,,,
"Ladaion Barnes - Jr
Hammond Morton (Hammond, IN)","SG, SF",691,27.6,17.1,1.2,10.7,,,
"Jaden Jefferson - So
North Forney (Forney, TX)",,695,29.0,17.1,3.3,5.8,2.1,3.6,1.9
"Luke Fay - So
Cair Paravel (Topeka, KS)","PG, SG",465,25.8,17.1,,,,,
"Elijah Brown - So
Fort Wayne Snider (Fort Wayne, IN)",G,347,15.8,17.1,2.2,7.6,3.0,2.7,3.3
"Terrence Ringo jr - Sr
Evansville Harrison (Evansville, IN)","PF, C",550,28.9,17.0,1.0,9.7,0.9,3.7,3.4
"Austin Brown - Jr
Macks Creek (MO)","G, F",500,23.8,17.0,1.9,11.3,1.2,4.1,3.8
"Cade Nicholson - So
Charlotte Christian (Charlotte, NC)","SG, SF",450,23.7,17.0,2.2,5.0,1.9,2.0,2.6
"Joseph Thomas - Fr
Portal (GA)","PG, SG",788,28.1,17.0,1.6,4.6,1.3,3.9,2.2
"Alex Hannah - Sr
Milford (OH)","SF, G",574,27.3,16.9,,7.9,,2.8,3.1
"Larry Brewer III - Sr
Orchard View (Muskegon, MI)",SF,367,20.4,16.9,4.0,9.2,2.6,2.8,3.8
"Isaac Miller - Jr
Simon Kenton (Independence, KY)",,606,25.3,16.9,3.5,3.6,1.7,4.1,2.3
"Justin Taylor - Sr
Carmel Christian (Matthews, NC)","PG, G",699,28.0,16.9,5.8,4.0,1.1,2.3,1.7
"Love  Mikanda - Jr
Camp Jewell House Academy (Conyers, GA)","F, G",800,25.0,16.8,,11.6,,,
"Parker Landsgard - Jr
Wapsie Valley (Fairbank, IA)",F,296,14.1,16.8,1.4,6.3,0.6,3.6,3.4
"Gabe Kretchman - Sr
Meyersdale (PA)",G,491,27.3,16.7,2.8,3.8,1.8,3.5,2.6
"Antonio Reynolds - Sr
Coffee (Douglas, GA)",SF,455,22.8,16.7,2.8,10.2,4.6,4.2,3.9
"Avery Harper - Jr
Ignite HomeSchool (Hurricane, WV)","SG, PG",440,23.2,16.7,,10.2,,,
"Ben Hunzeker - Jr
Lincoln Southwest (Lincoln, NE)",G,463,27.2,16.7,4.1,3.8,2.4,3.1,2.8
"Kaden Howell - Sr
Madison-Grant (Fairmount, IN)",SG,674,29.3,16.7,,4.0,,,
"Zephaniah Brunson - So
Graceville (FL)",PF,477,20.7,16.7,2.1,7.0,0.9,2.8,1.8
"Blake Munsterman - Jr
Lakeland (Deepwater, MO)",,624,26.0,16.7,6.7,8.4,2.8,3.0,2.9
"Landen Babusiak - Jr
Hanover Central (Cedar Lake, IN)","PF, C",523,26.2,16.6,2.8,11.8,1.6,2.9,2.9
"Tony Berger - Jr
Riverside (Cedar Rapids, NE)",,456,22.8,16.6,1.5,7.2,1.5,3.6,3.6
"Gage Stevens - Sr
Keystone Heights (FL)",SG,487,25.6,16.6,0.9,3.0,0.9,4.1,3.1
"Gunner Meyer - Jr
Wapsie Valley (Fairbank, IA)",F,496,24.8,16.6,1.8,6.6,1.1,2.3,2.8
"Giovanni Toscanini - Jr
Lake Mary (FL)",SF,481,22.9,16.6,3.0,7.5,1.4,4.4,2.7
"Jalen Johnson - Sr
Wilmington Christian Academy (Wilmington, NC)",,463,27.2,16.5,4.8,4.1,1.4,3.8,2.6
"Avant  Coleman - Jr
Goose Creek Memorial (Baytown, TX)",G,746,27.6,16.5,2.8,5.0,2.5,3.6,1.7
"Trent Carraher - Jr
Riverside (Cedar Rapids, NE)",,638,27.7,16.5,2.3,3.5,2.3,2.4,2.4
"Travis Shearin - So
South Wake (Fuquay-Varina, NC)","F, C",460,23.0,16.5,2.9,10.0,1.3,2.1,2.6
"Jay Dawson - Jr
Omaha Central (Omaha, NE)","SG, PG",693,27.7,16.5,2.1,4.0,2.0,2.0,2.7
"Max Howery - Fr
St. Mary's (Colorado Springs, CO)","PG, SG",431,25.4,16.5,5.9,,4.8,2.0,2.8
Name,none,none,none,none,none,none,none,none,none
"Devon Newman - So
Augusta Prep Day (Augusta, GA)",PG,389,19.5,16.5,3.5,3.7,2.6,6.3,
"Karlton Walton - Sr
Eustis (FL)","G, F",572,27.2,16.4,0.6,3.6,1.0,1.7,2.7
"Josiah  Lamothe - Jr
Killian Hill Christian (Lilburn, GA)","PF, SF",516,25.8,16.4,2.9,9.8,4.0,2.9,2.9
"Jake Clapper - Sr
Desert Edge (Goodyear, AZ)","W, F",497,27.6,16.4,1.7,6.8,2.4,3.8,2.9
"Grant Brown - Sr
Madison-Grant (Fairmount, IN)","PG, SF",677,29.4,16.4,6.4,7.5,,,
"Tyler Pack - Jr
Pipestem Christian Academy (Pipestem, WV)",,517,28.7,16.4,2.8,9.3,3.0,3.1,1.5
"Isaac Vaha - Sr
Pleasant Grove (UT)",,531,25.3,16.4,2.5,7.5,2.2,1.7,2.8
"Ethan Nicholson - Jr
Sandhills Valley (Stapleton, NE)","SF, PG",656,28.5,16.4,3.5,10.2,,4.7,3.0
"Robby Todd - Jr
Rowan County (Morehead, KY)","SF, PF",461,24.3,16.4,2.8,10.6,0.8,2.2,2.7
"Drew Hogan - Jr
Goshen (IN)","PG, SG",710,32.3,16.4,4.0,,,,
"Drake Lewis - Sr
Whitko (South Whitley, IN)","PG, SG",732,30.5,16.4,3.6,6.1,,2.4,
"Mason Whitworth - Jr
Macks Creek (MO)","G, F",525,22.8,16.3,2.6,7.0,1.6,4.8,3.7
"Ketron Byrd - Sr
Rapides (Lecompte, LA)",,437,21.9,16.3,6.2,6.0,4.3,4.2,2.0
"Derek Keith - Jr
Hill City (KS)",,496,23.6,16.3,1.3,6.6,2.3,1.2,2.0
"Micah Foss - Sr
Hillcrest Lutheran Academy (Fergus Falls, MN)",G,573,30.2,16.3,3.6,5.0,2.3,3.7,2.8
"Anthony  Ferguson - Jr
South Fort Myers (Fort Myers, FL)","PG, SG",739,29.6,16.2,3.7,9.3,2.4,3.3,2.3
"Jordan Stevens - Jr
Gila Ridge (Yuma, AZ)",F,437,21.9,16.2,2.6,9.2,0.8,3.9,3.1
"Ethan Reichman - Jr
South Platte (Big Springs, NE)",G,726,33.0,16.2,3.1,,1.9,5.3,1.1
"Chris Hood - Jr
East Noble (Kendallville, IN)",C,584,25.4,16.2,,11.3,,,
"Matthew Gillis - Sr
Guerin Catholic (Noblesville, IN)",PF,510,22.2,16.1,1.9,10.2,0.8,1.9,3.1
"Hunter Schmidt - Sr
Jeannette (PA)","C, F",385,20.3,16.1,0.2,10.5,0.7,1.6,3.0
"Caden Archer - Sr
Logos Prep Academy (Sugar Land, TX)",SG,447,24.8,16.1,1.6,2.8,1.9,3.1,
"James  Hetzel  - Sr
Morningside Academy (Port St. Lucie, FL)",SG,644,30.7,16.1,3.6,9.0,2.3,3.0,2.5
"Keandre Nelson - Sr
Newport (KY)","PG, SG",714,29.8,16.1,,5.9,,3.9,3.3
"De?mahjae Clark - So
Belfry (KY)",G,567,24.7,16.1,,,,,
"Dalton Retzner - Sr
Hamilton Southeastern (Fishers, IN)",PF,419,20.0,16.0,1.5,7.5,0.8,1.8,
"Neil Schiff - Sr
Ransom Everglades (Miami, FL)",SG,461,25.6,16.0,2.4,6.2,1.9,2.8,
"Dylan Young - Sr
Cannelton (IN)",G,513,27.0,16.0,3.6,5.4,1.7,5.0,1.7
"Jackson Jones - Fr
South Wake (Fuquay-Varina, NC)",G,551,22.0,16.0,2.7,3.9,1.5,3.4,2.2
"Owen Hancock - So
Wahoo (NE)",,633,25.3,16.0,,6.5,,,
"Tyler Bohannon - Sr
Grand County (Moab, UT)",,428,16.5,16.0,,9.6,,,
"Alex Klein - Jr
Woodson (Fairfax, VA)","G, PG",363,21.4,16.0,5.0,3.1,,3.9,
"Blaine Minnier - Sr
Cumberland Valley Christian (Chambersburg, PA)","G, F",496,29.2,15.9,2.1,6.9,1.0,2.1,1.5
"Isaac Alblas - Sr
Covenant Christian (DeMotte, IN)",G,691,28.8,15.9,,4.4,,5.5,
"Justin Erb - Sr
Wakefield (NE)","SG, SF",765,29.4,15.9,2.4,7.3,1.4,1.9,1.4
"Austin Davis Garcia - Sr
Freedom (Orlando, FL)","PG, SG",679,29.5,15.9,3.3,6.3,3.2,2.8,0.7
"Isaiah  Timmons  - Sr
Gateway Charter (Fort Myers, FL)",,524,19.4,15.9,2.2,6.4,2.6,4.7,4.0
"Jake Jackson - Sr
Fernandina Beach (FL)","SG, PG",603,25.1,15.9,,,,,
"Jordan Fitch - Sr
Lake Creek (Montgomery, TX)","PG, SG",752,28.9,15.8,5.9,4.3,2.2,5.0,
"Malik Hasani - So
Muncie Central (Muncie, IN)","PG, SG",469,24.7,15.8,2.6,4.8,1.2,3.8,2.7
"Conner West - Jr
Greene County (Leakesville, MS)",F,745,26.6,15.8,0.8,8.1,2.3,3.6,3.3
"Reagan Mayer - Jr
Bronson (MI)",,488,25.7,15.8,2.1,7.5,2.5,3.3,2.8
"Will Vanderbeek - Jr
Kearney (NE)",F,464,23.2,15.8,1.4,9.1,,2.1,3.5
"Karl  Knighten Jr - So
Calvary Christian Academy (Ormond Beach, FL)","G, PG",574,27.3,15.8,3.0,5.7,2.2,3.2,2.5
"Cameron Anderson - Jr
Fort Thomas (AZ)",,542,31.9,15.8,6.0,,,4.5,
"Cooper Lewis - Sr
Grundy County (Galt, MO)",C,727,28.0,15.8,3.1,11.9,3.7,2.2,2.2
"Ashlynd Barker - Jr
Northside (Columbus, GA)",PG,499,27.7,15.7,,,,,3.7
"Hudson Czarnecki - Jr
Melissa (TX)",,499,21.7,15.7,2.1,4.0,4.2,1.2,
"Quinten Baldridge - So
HomeSchool Resource Center (Monee, IL)",G,1092,23.2,15.7,5.3,9.6,4.0,2.8,2.4
"Aidan Wanner - Jr
South Adams (Berne, IN)",,571,27.2,15.7,,4.4,,,
Name,none,none,none,none,none,none,none,none,none
"Payson Gohn - Sr
Wolsey-Wessington (Wolsey, SD)",C,468,23.4,15.7,2.9,9.9,1.6,3.5,3.8
"Tyler Dostin - Jr
Danville (IN)",F,501,25.1,15.6,7.7,10.7,1.2,2.9,2.4
"Xazavian Simpson - Jr
Coffee (Douglas, GA)","PG, SG",311,17.3,15.6,3.0,5.8,2.0,3.6,3.2
"Drew Butt - Jr
Columbia Academy (Columbia, TN)","PG, SG",582,21.6,15.6,3.6,4.5,3.1,,
"Rex Sunderland - Jr
Davis (Kaysville, UT)",G,699,26.9,15.6,4.3,,3.3,3.2,3.3
"Myles Thoene - Sr
Cedar Catholic (Hartington, NE)",G,777,27.8,15.6,3.5,3.6,2.0,2.1,2.1
"Gus Heichelbech - Jr
Jasper (IN)",F,318,16.7,15.6,1.9,10.5,0.8,2.6,
"Seth Mccarty - Jr
Canyon (New Braunfels, TX)","F, PF",571,27.2,15.6,2.0,11.7,1.0,4.9,2.1
"Antonio Colecio - Sr
Weatherly (PA)",G,717,31.2,15.6,3.6,4.2,1.9,2.8,1.8
"Kyle Watkins - Sr
Carolina Forest (Myrtle Beach, SC)",PG,485,25.5,15.6,4.8,6.2,4.2,2.8,2.3
"Matthew Black - So
Ignite HomeSchool (Hurricane, WV)",PG,652,27.2,15.6,6.1,,,4.0,
"Luke Smith
Olympus (Salt Lake City, UT)",,583,24.3,15.5,3.4,4.1,2.6,1.9,2.4
"Dariyus  Woodson - Jr
Goose Creek Memorial (Baytown, TX)",F,726,25.9,15.5,1.3,6.4,1.0,1.4,3.0
"Lance Aldinger - So
Meyersdale (PA)","C, F",394,21.9,15.5,1.1,8.9,1.3,1.7,4.3
"Mason Harter - So
Wapsie Valley (Fairbank, IA)",C,491,23.4,15.5,1.3,13.2,0.7,3.5,3.1
"Major Walker Cuffie - Sr
Kate Duncan Smith DAR (Grant, AL)",,489,28.8,15.5,1.1,6.0,1.4,3.0,1.3
"Marque Deveaux - Jr
Sneads (FL)","C, F",421,19.1,15.5,,14.4,,,
"DaQuan Hawkins - Sr
Central Gwinnett (Lawrenceville, GA)","PG, SG",504,28.0,15.5,3.6,2.1,1.1,2.2,2.7
"Daryus  Gray - Jr
Pine Tree (Longview, TX)",G,500,29.4,15.5,2.5,6.0,2.0,3.6,2.6
"Jacob  Cauley - Jr
Altha (FL)","PG, SG",792,31.7,15.5,,,,,
"Amir Jackson - Fr
Portal (GA)","SF, F",739,27.4,15.5,1.0,12.8,1.7,1.9,1.8
"Jordan Ross - So
Pleasant Grove (UT)",,601,28.6,15.4,4.9,2.7,1.9,3.0,1.4
"Cooper Logan - Jr
Potter County co-op [Gettysburg/Hoven] (Gettysburg, SD)","G, F",610,26.5,15.4,4.6,6.2,2.9,3.8,2.8
"Jacob Webb - Fr
South Wake (Fuquay-Varina, NC)",G,554,22.2,15.4,2.1,6.2,1.5,3.4,2.0
"Ben Krystkowiak
Olympus (Salt Lake City, UT)",,550,22.9,15.4,2.7,6.9,1.7,2.0,2.6
"Tristian Canfield - Jr
Plano (IL)","SG, SF",347,20.4,15.4,1.9,8.6,1.6,3.3,4.2
"Carter Curry - Jr
Tabiona (UT)",G,422,21.1,15.4,4.3,3.3,2.3,2.5,3.0
"David Calvert - So
Fremont (Plain City, UT)",,454,21.6,15.4,,7.5,,,
"Jonah Huffman - Sr
Tri (Straughn, IN)",SG,582,25.3,15.3,0.8,2.4,0.9,2.6,3.5
"Kenjrik Manley - Sr
Ballinger (TX)","PG, SG",557,30.9,15.3,5.9,4.7,5.1,3.4,1.5
"Vinny Buccilla - Sr
Hamilton Southeastern (Fishers, IN)","PG, SG",610,26.5,15.3,5.6,4.6,1.2,2.7,
"Wade Morrill - Sr
North Summit (Coalville, UT)",SF,583,26.5,15.3,,9.5,,,
"Corbin Haarmeyer - Sr
Wolsey-Wessington (Wolsey, SD)","SG, SF",489,24.5,15.3,1.6,,2.0,2.2,3.1
"Dylan Sutton - Sr
Archie (MO)","PG, SG",694,27.8,15.3,,5.0,,2.6,
"Landen Giles - Jr
Stansbury (Tooele, UT)",,617,28.0,15.3,2.8,4.1,0.9,2.6,1.6
"Luke Lindenmeyer - Jr
Papillion-LaVista (Papillion, NE)","SF, SG",613,26.7,15.3,2.6,7.4,1.1,2.2,3.2
"Tait Kongsjord - Jr
Deer River (MN)",F,475,20.7,15.3,,12.8,,,5.1
"Joe Leland - Sr
Wabash (IN)",G,542,27.1,15.3,3.6,4.7,1.3,2.8,2.4
"Luke Rutherford - So
Pipestem Christian Academy (Pipestem, WV)",,490,27.2,15.3,4.5,4.4,3.5,4.1,2.6
"Kyle Ingwerson - Jr
Papillion-LaVista (Papillion, NE)","SG, SF",639,27.8,15.3,3.1,5.4,1.0,2.1,2.6
"Dashton Edgren - Sr
Holdrege (NE)",SG,656,31.2,15.3,1.6,3.2,1.2,2.0,1.7
"Will Keltner - So
Trinity Christian Academy (Jackson, TN)","PG, SG",545,24.8,15.3,,6.8,,,
"Josh Beckham - Sr
The King's Academy (Woodstock, GA)","PF, C",615,25.6,15.2,1.8,9.9,1.2,4.2,3.7
"Tyler Townley - Sr
Caddo Mills (TX)",PG,518,30.5,15.2,5.5,5.2,2.5,3.6,0.0
"Bob Nunge - Sr
Castle (Newburgh, IN)",SF,438,25.8,15.2,,,,,
"Braden Buchanan - Fr
Chapel Hill (Mount Pleasant, TX)","SG, SF",394,17.9,15.2,1.4,5.9,1.6,1.9,2.4
"Grady Gardner - Jr
Union (Roosevelt, UT)",,498,27.7,15.2,2.2,4.3,2.7,3.4,1.7
"Malachi Seely-Roberts - So
Grand County (Moab, UT)",,764,29.4,15.2,6.2,5.6,,,
"Donaven Johnson - Sr
St. Thomas Episcopal (Houston, TX)","G, W",496,26.1,15.2,5.5,7.9,3.7,3.9,
"Carter Nicholson - Sr
Chapel Hill (Mount Pleasant, TX)",SG,616,24.6,15.1,1.8,7.3,1.0,1.9,2.8
Name,none,none,none,none,none,none,none,none,none
"Eamon O'donoghue - So
Breckinridge County (Harned, KY)",SG,420,23.3,15.1,2.4,4.1,1.0,2.6,2.8
"Jaren Starks - Sr
Clarksville (IN)",G,507,26.7,15.1,1.8,3.6,1.9,2.2,2.7
"Andrew Jean - So
Cornerstone Christian Academy (St. Clair, MO)",,693,30.1,15.1,1.0,1.9,1.7,2.0,
"Jack Johnson - Sr
Kearney (NE)",F,591,26.9,15.1,3.5,6.1,1.3,2.3,3.0
"Sam Case - Sr
Milton-Union (West Milton, OH)",,591,29.6,15.0,4.1,3.9,2.0,3.0,2.0
"Braysen Yergler - Jr
Adams Central (Monroe, IN)",PG,621,27.0,15.0,3.6,4.0,2.9,3.6,
"Dylan Jones - Jr
Pleasant Grove (UT)",G,590,28.1,15.0,2.2,4.4,2.1,2.6,1.7
"Brayden Saxton - Sr
South Bend Adams (South Bend, IN)","C, F",689,27.6,15.0,2.0,7.2,2.6,2.8,2.6
"Dillon Tomlinson - So
Northfield (Wabash, IN)",,443,21.1,15.0,,3.5,,,
"Jamari Arnold - So
Huntsville (AL)",G,601,23.1,14.9,3.6,3.4,1.3,2.1,1.9
"Daniel Ribeiro - So
Ransom Everglades (Miami, FL)",SG,355,18.7,14.9,1.4,4.6,1.5,1.4,
"Marcus Glock - Fr
Wahoo (NE)",,605,24.2,14.9,,,,,
"Isaac Wilson - Sr
Hamilton Heights (Arcadia, IN)",SG,459,20.9,14.9,1.1,4.3,0.8,1.7,3.3
"David  De Anda  - Jr
Lighthouse Baptist Academy (Theodore, AL)",G,539,29.9,14.8,7.5,,,,
"Ryan Brown - Sr
Sebring (FL)","PG, W",600,28.6,14.8,5.2,4.4,3.9,,
"Solomon Jackson - Jr
St. Joseph's Collegiate Institute (Buffalo, NY)",C,367,21.6,14.8,3.1,7.8,1.5,2.2,2.4
"Jared Bohrer - Jr
Lincoln Southwest (Lincoln, NE)",G,577,28.9,14.8,2.2,1.5,0.8,2.4,1.9
"Nick Bowne - Jr
Deubrook (White, SD)","SF, PF",482,23.0,14.8,1.5,9.8,1.9,2.9,3.1
"Keith Rockmore Jr - Sr
Jeannette (PA)","SG, SF",489,25.7,14.8,2.5,6.2,1.7,2.4,2.8
"JOHRDON MUMFORD - Sr
Middletown (OH)","SF, W",474,24.9,14.8,1.8,6.2,1.9,3.5,3.4
"Edward Jones Jr - Sr
Pike (Indianapolis, IN)",SF,594,25.8,14.8,2.0,8.2,0.6,1.6,3.4
"Jaylin Houlder - Jr
Killian Hill Christian (Lilburn, GA)",PG,503,24.0,14.8,5.4,8.4,7.3,4.5,4.5
"Benny Turner - Sr
Eustis (FL)","G, F",577,27.5,14.8,2.9,4.3,2.0,3.5,2.9
"Ethan Sellars - Jr
Blazer (Ashland, KY)","SG, PG",704,29.3,14.7,2.7,2.1,2.2,1.9,1.8
"Jagger Orick - Sr
Alexandria-Monroe (Alexandria, IN)","SF, PF",661,26.4,14.7,2.5,4.7,2.1,3.6,3.1
"Tristan Abbott - Sr
Wolsey-Wessington (Wolsey, SD)",SF,540,28.4,14.7,2.8,6.2,2.3,3.4,1.9
"Carter Lumpkin - Sr
Northeastern (Fountain City, IN)",G,641,26.7,14.7,3.7,3.9,2.2,1.3,1.5
"Andrew Dill - Sr
LaVille (Lakeville, IN)",G,646,28.1,14.7,,,,,
"Jacob Spaulding - So
Eastern Hancock (Charlottesville, IN)",G,657,26.3,14.7,3.4,1.9,2.3,1.8,2.2
"Alex Greene - Sr
Newport (KY)",G,614,27.9,14.6,,4.0,,,2.8
"Eli Carden - Sr
Kankakee Valley (Wheatfield, IN)",F,590,25.7,14.6,5.9,6.3,2.6,4.8,2.8
"Casey House - So
Chapel Hill (Mount Pleasant, TX)",SG,472,18.2,14.6,1.2,3.5,1.8,1.0,2.2
"Amarei Hunter - Sr
Desert Edge (Goodyear, AZ)","W, F",479,26.6,14.6,1.9,6.8,1.3,2.4,2.4
"Juan Navedo - Sr
Cornerstone Charter Academy (Belle Isle, FL)",G,746,28.7,14.6,2.9,6.6,3.5,3.8,1.9
"Payton Chism - So
Mt. Pleasant (TX)","PG, SG",799,28.5,14.6,4.4,3.6,3.4,2.7,1.9
"Luke Fowler - Sr
Mooresville (IN)",SF,541,28.5,14.6,3.0,7.9,0.3,2.0,2.5
"Will Jackson - Jr
Columbia Academy (Columbia, TN)","SG, SF",592,23.7,14.6,1.5,8.2,2.0,,
"Kolton Redden - So
Penelope (TX)",G,701,29.2,14.6,3.6,4.5,2.3,5.5,3.0
"Bridger Hatch - Jr
North Gem (Bancroft, ID)","PG, SG",416,16.0,14.5,3.5,6.2,3.8,4.5,3.8
"Braden  Flinders - So
Fremont (Plain City, UT)",,465,21.1,14.5,3.6,4.2,,,2.5
"Bobby Good - Sr
LaVille (Lakeville, IN)",F,668,29.0,14.5,,6.6,,,
"Jackson Richards - Sr
Kokomo (IN)",G,620,27.0,14.5,2.9,5.7,1.0,3.1,2.4
"Stockton Pyne - Sr
Merrol Hyde Magnet (Hendersonville, TN)",,572,24.9,14.5,2.0,7.7,1.2,3.8,3.6
"Rhett Turner - Jr
Laurel Hill (FL)",,505,29.7,14.4,2.5,4.7,2.3,2.4,
"Aden Hathaway - So
Bronson (MI)",,461,27.1,14.4,4.1,3.2,1.5,2.1,2.0
"Jacob Martin - So
Omaha South (Omaha, NE)",PG,464,23.2,14.4,2.4,3.9,1.5,4.6,3.5
"Steven Baker - Sr
Heartland Christian (Columbiana, OH)",SF,542,24.6,14.4,2.8,7.3,0.9,3.5,2.0
"Corbin Meeker - Jr
Lakeland (Deepwater, MO)",,640,26.7,14.4,3.5,4.4,1.6,2.6,2.6
"Jackson Hinrichs - So
Holdrege (NE)",SG,610,29.0,14.4,3.1,7.3,1.0,4.3,3.0
"Jesse Cornell - Sr
Rossville (IN)",SG,523,23.8,14.3,1.7,7.0,1.9,2.4,3.4
Name,none,none,none,none,none,none,none,none,none
"Sebastian Serrano - Sr
Canyon (New Braunfels, TX)","PG, SG",521,24.8,14.3,2.5,6.2,1.4,3.8,2.3
"Uriah Brown - Sr
Raleigh Christian Academy (Raleigh, NC)","SG, PG",484,26.9,14.3,1.9,6.2,2.2,3.6,2.6
"John Klein - Sr
St. Mary's (Colorado Springs, CO)","PF, SF",372,21.9,14.3,1.3,9.3,1.9,1.2,3.9
"Brock Green - Sr
Greene County (Leakesville, MS)",F,377,20.9,14.3,1.1,,0.9,4.7,1.8
"Will Matters - Sr
Athens (The Plains, OH)",PG,609,30.5,14.2,2.9,2.8,2.6,3.6,1.3
"Kole Stewart - Sr
Alexandria-Monroe (Alexandria, IN)",SG,714,28.6,14.2,3.0,3.0,1.7,2.5,2.9
"Ben Parham - Sr
The King's Academy (Woodstock, GA)",SG,534,22.3,14.2,2.9,7.0,2.2,4.1,4.1
"Landon Broer - Sr
Omaha Northwest (Omaha, NE)","SG, PG",480,21.8,14.2,1.8,3.1,2.5,4.2,3.5
"David Lash - Sr
Charlotte Christian (Charlotte, NC)",SF,530,25.2,14.2,1.5,10.7,1.6,1.3,3.0
"AYDEN WATSON - Sr
Sequoyah (Canton, GA)","SF, W",627,25.1,14.2,3.7,9.3,1.7,4.4,3.5
"Gray Madeira - Fr
Greater Cabarrus Stallions (Concord, NC)","SG, PG",697,24.9,14.2,3.6,2.8,1.6,2.9,2.7
"DeSean Branson - Jr
Unioto (Chillicothe, OH)",G,395,17.2,14.2,3.4,,,,3.4
"Kade Pieper - So
Norfolk Catholic (Norfolk, NE)","PF, SF",400,18.2,14.2,0.6,15.1,1.5,1.8,4.3
"Mark Walker - Sr
Carolina Forest (Myrtle Beach, SC)","SG, SF",475,22.6,14.1,3.2,6.7,2.7,2.7,2.3
"Caleb Miller - Sr
Stratford (OK)",G,715,28.6,14.1,,,,,
"Ethan Williams - So
Deer River (MN)","PG, SG",397,17.3,14.1,,,,,4.5
"Jake Taylor - Sr
Tyrone (PA)","PG, SG",382,21.2,14.1,5.3,2.1,2.7,,
"Omari Ferguson - Jr
Pike (Indianapolis, IN)",G,382,16.6,14.1,3.3,4.1,2.2,4.4,4.7
"Kyle Keener - Jr
Sequoyah (Canton, GA)","PG, SG",860,29.7,14.1,5.8,4.1,1.7,2.9,2.2
"Demark Smith - Jr
Coffee (Douglas, GA)",SF,339,17.8,14.1,1.0,8.3,1.2,3.5,4.2
"Skyyler Gilbert - Sr
Colonial Christian (Homestead, FL)","C, F",405,23.8,14.1,2.5,14.5,,3.5,
"Mason Shaw - Jr
Deubrook (White, SD)",PF,380,19.0,14.1,2.4,9.3,1.3,2.9,3.3
"Ryan Anderson - Sr
Fernandina Beach (FL)","SG, PG",510,21.3,14.1,6.0,8.5,,,
"Tate Thoene - Jr
Cedar Catholic (Hartington, NE)",G,654,23.4,14.0,2.9,4.2,3.9,2.4,3.0
"Camden Scheidt - Sr
Highland (IN)","SF, PF",650,28.3,14.0,0.9,6.5,1.8,1.7,1.9
"Logan  Richins - Jr
Stansbury (Tooele, UT)",,575,26.1,14.0,1.6,10.2,1.8,1.2,3.2
"Griffin Cooper - Fr
Columbia Academy (Columbia, TN)","PF, C",451,17.3,14.0,0.8,9.2,1.1,,
"Kentaryus Alexis-thompson - Sr
Pascagoula (MS)","SF, PF",307,15.4,14.0,,,,,
"Ben Hammond - Jr
Norfolk Catholic (Norfolk, NE)",SG,472,20.5,14.0,2.9,6.2,2.2,3.7,4.4
"Noah  Cutler  - Fr
Gateway Charter (Fort Myers, FL)",,738,27.3,14.0,3.0,2.3,1.8,2.6,2.0
"Khameron Hill - So
Northside (Columbus, GA)",SF,482,26.8,13.9,,7.7,0.8,,4.3
"Sam Kwapnioski - Jr
Columbus (NE)","SG, SF",407,23.9,13.9,2.6,4.3,2.0,4.2,4.3
"Cannon Devries - Jr
Weber (Pleasant View, UT)",PG,612,29.1,13.9,4.6,3.1,,3.4,
"Phoenix Bramhall - Jr
Melissa (TX)",,654,28.4,13.9,3.3,2.3,1.1,3.0,
"Hunter Klepinger - Sr
Pioneer (Royal Center, IN)",,477,22.7,13.9,0.8,6.2,1.3,1.7,2.8
"Noah Brumfield - Fr
Hillcrest Lutheran Academy (Fergus Falls, MN)",F,309,16.3,13.9,2.2,6.4,2.7,2.9,3.5
"Preston Pearson - Sr
Kearney (NE)",G,476,25.1,13.8,3.6,7.9,1.3,2.8,2.4
"Quaeveon Anderson - Jr
Raleigh Christian Academy (Raleigh, NC)",SG,513,28.5,13.8,0.5,8.0,0.7,1.3,2.1
"Bradley Russell - Sr
Braswell (Little Elm, TX)",SG,590,20.3,13.8,2.1,3.6,1.1,1.5,1.5
"Landon Grimes - Sr
Blackford (Hartford City, IN)","F, C",829,27.6,13.8,1.4,9.3,1.1,2.8,2.4
"Silas Spaulding - So
Eastern Hancock (Charlottesville, IN)",G,674,27.0,13.8,1.9,3.1,0.8,0.9,0.9
"Ben McNamee - Sr
Belfry (KY)",G,563,20.9,13.8,,,,,
"R.J. Ogelsby - Sr
Kokomo (IN)",C,522,22.7,13.8,1.0,7.7,0.9,2.8,3.7
"Blake Skipworth - Jr
Van Alstyne (TX)",,709,24.4,13.8,2.0,4.7,1.2,1.4,2.4
"Jason Patterson - Fr
Sneads (FL)","P, G",544,27.2,13.8,4.6,5.2,2.8,,3.6
"Brennan Cox - Sr
Valley Christian (Missoula, MT)",G,505,23.0,13.8,2.7,3.2,2.4,4.2,3.0
"Payton Dixon - Sr
St. David (AZ)",G,462,22.0,13.7,3.8,6.6,2.1,3.5,2.1
"Lane Harrison - Jr
Clinton (TN)",,628,27.3,13.7,,6.1,,,
"Cade Stevens - Sr
Saint Jo (TX)",G,606,27.5,13.7,6.2,6.7,3.2,2.9,2.9
"Tavenor Watts - Jr
Melissa (TX)","PF, C",461,20.0,13.7,0.8,9.4,1.2,2.6,
